row_id	archive_payment_id	created_at	customer_ref	store_ref	store_city	amount_cents	currency	payment_method_fingerprint	device_fingerprint	observed_lat	observed_lon	sku_summary	archive_channel
AR-RfhW9H	ap_LyUKQYVBW3	2023-10-01T16:53:18Z	arch_cust_003	arch_store_linz_hauptplatz	Linz	400	EUR	pm_arch_Xftdk8YTi5L6	dev_arch_GM1LSdLDJ1p7	48.30697	14.28596	Dresselhaus Outdoor Pro 1VG-P5G	store_terminal
AR-afcyef	ap_FZ6RWNyLwG	2023-10-01T18:11:18Z	arch_cust_010	arch_store_salzburg_elisabeth_vorstadt	Salzburg	6600	EUR	pm_arch_Ef9JLvVewjhN	dev_arch_wXYZYhvEbka7	47.81315	13.04574	Mellerud Bio MEL 233-MOB	store_terminal
AR-f2uo2W	ap_MaevcXRimt	2023-10-01T20:14:18Z	arch_cust_100	arch_store_graz_jakomini	Graz	10400	EUR	pm_arch_AaUYKHpu15xL	dev_arch_8xhkoQkaqTKt	47.06569	15.44317	Mobil All Season Super 1ZE-TCR	web
AR-ESqEM7	ap_PGnbnxPj1u	2023-10-01T20:19:18Z	arch_cust_009	arch_store_bratislava_stare_mesto	Bratislava	7000	EUR	pm_arch_5jUZDKsC71fg	dev_arch_2DWCGfNXH6qZ	48.14407	17.10989	Bondex Garden Classic 106-TS1	web
AR-Dv4zwn	ap_Luzku3ipr4	2023-10-01T22:23:18Z	arch_cust_066	arch_store_vienna_meidling	Vienna	700	EUR	pm_arch_BjFKhP1JrBCX	dev_arch_E4rfFTM7TNee	48.17528	16.33581	Sonax Premium Gloss 304-ZK0	store_terminal
AR-SqtzZ3	ap_26CM4vwp7b	2023-10-01T23:46:18Z	arch_cust_023	arch_store_vienna_praterstern	Vienna	23400	EUR	pm_arch_4eRqDNyerDcs	dev_arch_S23WsjS17qYy	48.21929	16.39251	Schneider Electric Heavy Duty Merten 214-ZHY	store_terminal
AR-TEb55X	ap_5md3BjHAKc	2023-10-02T00:53:18Z	arch_cust_022	arch_store_graz_lend	Graz	200	EUR	pm_arch_F94NUfw9hbXx	dev_arch_2ic15t3ZNih7	47.07340	15.42577	Dresselhaus Outdoor Pro 1VG-P5G	store_terminal
AR-ULxUmC	ap_LNPDCpMSA4	2023-10-02T05:10:18Z	arch_cust_058	arch_store_brno_veveri	Brno	12400	EUR	pm_arch_Jb4SX2CyT7v4	dev_arch_HDPQUF2nzcpA	49.20481	16.59378	Engelbert Strauss e.s.vision e.s. 150-ZC6	web
AR-Kuy7fr	ap_TjTGgCuTPG	2023-10-02T07:53:18Z	arch_cust_034	arch_store_bratislava_stare_mesto	Bratislava	14000	EUR	pm_arch_FcH12SnNcqse	dev_arch_Adetd8D6o1Ap	48.14407	17.10996	Schneider Electric Heavy Duty Merten 214-ZHY	store_terminal
AR-dJ5uRs	ap_GrMtiLnVHD	2023-10-02T09:14:18Z	arch_cust_096	arch_store_bratislava_stare_mesto	Bratislava	27600	EUR	pm_arch_LiMugEvvGmmS	dev_arch_659L4nhKmt6M	48.14403	17.10951	Fiskars Battery X 1CD-A3X	web
AR-j8iuKH	ap_54nFGckBHk	2023-10-02T10:05:18Z	arch_cust_058	arch_store_vienna_meidling	Vienna	3200	EUR	pm_arch_8Mv62LEFAy1j	dev_arch_QNchowWf5rST	48.17468	16.33555	Geberit Mapress Silent IC5-GU6	store_terminal
AR-hWBQr2	ap_PKaXp3N2AG	2023-10-02T13:05:18Z	arch_cust_030	arch_store_graz_lend	Graz	2400	EUR	pm_arch_B5GtqN6RDFgC	dev_arch_J8xRov4oqqWi	47.07316	15.42632	Heco Unix HECO 2VD-VNA	store_terminal
AR-TLi1dr	ap_2dSDcayReS	2023-10-02T14:13:18Z	arch_cust_059	arch_store_vienna_meidling	Vienna	18200	EUR	pm_arch_Ux117HSYC5pi	dev_arch_Skrc3jXfmqop	48.17491	16.33564	Keter Deep Stack 2OO-VJU	web
AR-R3QgSo	ap_5TrSboqknk	2023-10-02T15:17:18Z	arch_cust_052	arch_store_ljubljana_center	Ljubljana	7000	EUR	pm_arch_83qPMyhZV4Tg	dev_arch_D2sXz489f32C	46.05128	14.50531	3M Ventilated SecureFit 2CE-B35	store_terminal
AR-UVSvM7	ap_PYHUyUzDfQ	2023-10-02T18:06:18Z	arch_cust_016	arch_store_vienna_praterstern	Vienna	7900	EUR	pm_arch_GRcwRTQ8mUFh	dev_arch_QeQxFZCkm4Sh	48.21922	16.39225	Wiha VDE VDE 13X-B49	store_terminal
AR-gC8Qy3	ap_NZauoKBQYN	2023-10-02T18:33:18Z	arch_cust_048	arch_store_linz_hauptplatz	Linz	4800	EUR	pm_arch_T8Q1vt8ZvYju	dev_arch_QnrY1ftGuXnj	48.30720	14.28562	Fischer SX SX 7UY-G03	web
AR-ipo4bZ	ap_UqufPmMoqh	2023-10-02T20:05:18Z	arch_cust_080	arch_store_bratislava_stare_mesto	Bratislava	1400	EUR	pm_arch_hfV6RrdeJnoB	dev_arch_7v6aCwMAh5XX	48.14380	17.10951	Bahco Workshop BAH 3VZ-SPH	web
AR-Wc4BKD	ap_UpEyGnhaX8	2023-10-02T23:13:18Z	arch_cust_096	arch_store_brno_veveri	Brno	7600	EUR	pm_arch_LiMugEvvGmmS	dev_arch_Ubrr8contCkW	49.20484	16.59351	Gorilla Crystal Grip 2ZQ-D83	store_terminal
AR-HepHJa	ap_5VNy6NtmmB	2023-10-03T02:08:18Z	arch_cust_099	arch_store_vienna_praterstern	Vienna	12000	EUR	pm_arch_DAotDSTxcfrB	dev_arch_VqPy64GZA4eK	48.21885	16.39225	Gorilla Crystal Grip 2ZQ-D83	store_terminal
AR-5nf9UX	ap_5b3Vfu3Jo4	2023-10-03T02:13:18Z	arch_cust_088	arch_store_vienna_meidling	Vienna	9600	EUR	pm_arch_NqUB5sd6HgmV	dev_arch_PSAkPgNyxNRZ	48.17516	16.33532	Sonax Workshop XTREME 218-FC5	web
AR-hvJb7B	ap_RN7iJzhkij	2023-10-03T02:15:18Z	arch_cust_033	arch_store_bratislava_stare_mesto	Bratislava	2800	EUR	pm_arch_VPAk8WvxwUb2	dev_arch_8az7EJHrUykV	48.14386	17.10958	Gorilla Crystal Grip 2ZQ-D83	web
AR-d5qda2	ap_NEHgu64QCC	2023-10-03T04:35:18Z	arch_cust_097	arch_store_graz_lend	Graz	1700	EUR	pm_arch_B6A6m5Z4exGD	dev_arch_Xd69EbitLVJZ	47.07360	15.42581	Portwest PW3 DX 3TU-ST2	web
AR-AiELTA	ap_4UEZ6LjRPH	2023-10-03T04:56:18Z	arch_cust_006	arch_store_vienna_praterstern	Vienna	12400	EUR	pm_arch_2VZ3faGTEFg2	dev_arch_Mb2EQpbEuPDH	48.21896	16.39263	Engelbert Strauss e.s.vision e.s. 150-ZC6	web
AR-NUect2	ap_8fwaViRZwh	2023-10-03T05:42:18Z	arch_cust_049	arch_store_linz_hauptplatz	Linz	8000	EUR	pm_arch_2R4kRX48Qvmt	dev_arch_ErHEQxNFtLin	48.30687	14.28604	Bahco Workshop BAH 3VZ-SPH	web
AR-5iZmv7	ap_BCH2Upp3vV	2023-10-03T06:45:18Z	arch_cust_064	arch_store_vienna_praterstern	Vienna	15800	EUR	pm_arch_HV2tE43td6i3	dev_arch_WxSDZAXWrXpp	48.21906	16.39274	Engelbert Strauss Classic e.s. 37H-N9K	store_terminal
AR-5id37E	ap_Rd8nj3QHHm	2023-10-03T08:05:18Z	arch_cust_018	arch_store_bratislava_stare_mesto	Bratislava	18200	EUR	pm_arch_Q5yW4mktnhQD	dev_arch_LC3yFRQpZeMk	48.14372	17.10993	Keter Deep Stack 2OO-VJU	web
AR-BkGZ6D	ap_3b4AXN5aza	2023-10-03T09:11:18Z	arch_cust_082	arch_store_innsbruck_wilten	Innsbruck	4200	EUR	pm_arch_VY63ggntVxmS	dev_arch_RMNsNPGDtkrP	47.25861	11.38946	Gardena Smart PowerMax 280-5FI	store_terminal
AR-6w3e58	ap_Lb6aEw6N2V	2023-10-03T11:49:18Z	arch_cust_098	arch_store_ljubljana_center	Ljubljana	1400	EUR	pm_arch_LXVWcrXxi8NQ	dev_arch_2vkibfpFtgfL	46.05107	14.50500	Sonax Premium Gloss 304-ZK0	web
AR-iy31mp	ap_J7LH66ksXP	2023-10-03T12:05:18Z	arch_cust_095	arch_store_salzburg_elisabeth_vorstadt	Salzburg	9000	EUR	pm_arch_XDfZMBHB1jnz	dev_arch_6FwThnYnWugW	47.81322	13.04555	Sonax Workshop XTREME 218-FC5	web
AR-65fgTX	ap_PHWfNYDGAg	2023-10-03T12:36:18Z	arch_cust_047	arch_store_linz_hauptplatz	Linz	8400	EUR	pm_arch_3W5BoEYV3MZE	dev_arch_QHXNKDxh5fPA	48.30694	14.28609	Gardena Smart PowerMax 280-5FI	store_terminal
AR-XgwMbP	ap_Ax3TD8Pn9F	2023-10-03T14:48:18Z	arch_cust_085	arch_store_innsbruck_wilten	Innsbruck	5200	EUR	pm_arch_C5EkQXizzh1K	dev_arch_76CYwju3WK2a	47.25810	11.38926	Mobil All Season Super 1ZE-TCR	store_terminal
AR-Mi46v3	ap_TLXaGhAM9B	2023-10-03T14:53:18Z	arch_cust_064	arch_store_innsbruck_wilten	Innsbruck	13000	EUR	pm_arch_HV2tE43td6i3	dev_arch_HFtLwwsHp9SM	47.25798	11.38941	Keter Deep Stack 2OO-VJU	web
AR-Zxh3hx	ap_PJAMC1GS6z	2023-10-03T15:26:18Z	arch_cust_040	arch_store_brno_veveri	Brno	15100	EUR	pm_arch_BhPtPfVkUeEC	dev_arch_8ysi3mtYzbgF	49.20431	16.59335	Ryobi Precision RLM 2KQ-R4C	web
AR-X6Xz7f	ap_3LWfCepuPF	2023-10-03T15:41:18Z	arch_cust_005	arch_store_innsbruck_wilten	Innsbruck	18600	EUR	pm_arch_UkgBS3NqbWvU	dev_arch_L1xdskLUP4i6	47.25858	11.38918	Sonax Premium Gloss 304-ZK0	store_terminal
AR-PQBhfA	ap_4QS8rmFofp	2023-10-03T16:13:18Z	arch_cust_029	arch_store_graz_lend	Graz	1700	EUR	pm_arch_QoucstpzuDhB	dev_arch_Gi5vMgmF7erm	47.07361	15.42590	Keter Deep Stack 2OO-VJU	store_terminal
AR-ACkwbM	ap_B7buYWvMfT	2023-10-03T19:53:18Z	arch_cust_035	arch_store_salzburg_elisabeth_vorstadt	Salzburg	4000	EUR	pm_arch_PwZKH96oLK7D	dev_arch_Rc6VGwFUhs2S	47.81293	13.04577	Bahco Workshop BAH 3VZ-SPH	store_terminal
AR-FBHLuZ	ap_47tj4ucErb	2023-10-03T21:23:18Z	arch_cust_070	arch_store_ljubljana_center	Ljubljana	1600	EUR	pm_arch_K6aGF1cj4kUP	dev_arch_8S9Nyg8HpCYE	46.05104	14.50536	Geberit Mapress Silent IC5-GU6	web
AR-beHD7V	ap_9SrXNa314X	2023-10-03T22:43:18Z	arch_cust_028	arch_store_bratislava_stare_mesto	Bratislava	36000	EUR	pm_arch_E7as1Mqs4Zm6	dev_arch_AsUPiUGduiN3	48.14398	17.10970	Metabo Brushless BS 1OW-IK5	store_terminal
AR-79jwEW	ap_BTxTj8a1Rm	2023-10-03T23:09:18Z	arch_cust_004	arch_store_graz_jakomini	Graz	2000	EUR	pm_arch_cxavGD8orSDz	dev_arch_HeeaK9GApM3Z	47.06562	15.44335	Mellerud Bio MEL 233-MOB	web
AR-8V1G6C	ap_N1edL3YBTW	2023-10-04T00:30:18Z	arch_cust_011	arch_store_linz_hauptplatz	Linz	15100	EUR	pm_arch_9MmTZqp8xEkK	dev_arch_FJkE5jSeuCvg	48.30691	14.28545	Ryobi Precision RLM 2KQ-R4C	store_terminal
AR-Vbmmhx	ap_96Nz6b9fsC	2023-10-04T02:13:18Z	arch_cust_082	arch_store_brno_veveri	Brno	120700	EUR	pm_arch_UtzRgi7Pjufn	dev_arch_PYcV5p2ryk2C	49.20491	16.59392	Bosch Bench IXO 3JP-JOU	store_terminal
AR-Hq38CC	ap_5JurWbGuFx	2023-10-04T03:33:18Z	arch_cust_033	arch_store_linz_hauptplatz	Linz	3800	EUR	pm_arch_VPAk8WvxwUb2	dev_arch_8az7EJHrUykV	48.30697	14.28565	Gorilla Crystal Grip 2ZQ-D83	web
AR-Fn4HwJ	ap_JirMHHHdaZ	2023-10-04T06:56:18Z	arch_cust_010	arch_store_graz_jakomini	Graz	45400	EUR	pm_arch_Ef9JLvVewjhN	dev_arch_wXYZYhvEbka7	47.06578	15.44326	Geberit Mapress Silent IC5-GU6	store_terminal
AR-djnjfh	ap_KqCebUaLDz	2023-10-04T06:59:18Z	arch_cust_023	arch_store_ljubljana_center	Ljubljana	11200	EUR	pm_arch_4eRqDNyerDcs	dev_arch_XK8fLPvEQDvr	46.05129	14.50516	Fischer SX SX 7UY-G03	store_terminal
AR-3gRue5	ap_8X5zapSnHd	2023-10-04T10:15:18Z	arch_cust_061	arch_store_linz_hauptplatz	Linz	10100	EUR	pm_arch_KV4ARWugsZ2o	dev_arch_XYzWheJDbFPA	48.30679	14.28579	Schneider Electric Heavy Duty Merten 214-ZHY	store_terminal
AR-i9nAMG	ap_ScQ6EGN4Fg	2023-10-04T11:41:18Z	arch_cust_029	arch_store_graz_jakomini	Graz	3400	EUR	pm_arch_QoucstpzuDhB	dev_arch_9SdPc7yKfWkD	47.06565	15.44279	Portwest PW3 DX 3TU-ST2	store_terminal
AR-ecvzvi	ap_LKvWMGtvU1	2023-10-04T12:03:18Z	arch_cust_077	arch_store_vienna_meidling	Vienna	15800	EUR	pm_arch_8rrwP2PDPb95	dev_arch_TpAEbDMkNSMR	48.17485	16.33547	Engelbert Strauss Classic e.s. 37H-N9K	web
AR-SLWmsy	ap_7TxeXiBeHV	2023-10-04T12:05:18Z	arch_cust_060	arch_store_ljubljana_center	Ljubljana	474200	EUR	pm_arch_ABJs3XLsdsQQ	dev_arch_MKphcE2ATsfN	46.05099	14.50534	Bosch Bench IXO 3JP-JOU	store_terminal
AR-JAcbJ1	ap_12JECYiz7F	2023-10-04T15:23:18Z	arch_cust_094	arch_store_vienna_praterstern	Vienna	11400	EUR	pm_arch_Xz8Xs2viEhB3	dev_arch_Qr33t6pBtgek	48.21888	16.39225	Philips Professional Hue 3JS-MSN	store_terminal
AR-RC9ArS	ap_JCrkP5YQ4X	2023-10-04T18:05:18Z	arch_cust_057	arch_store_graz_lend	Graz	34400	EUR	pm_arch_5S4d2fZ3qhD2	dev_arch_Xh63zGTUd2Vy	47.07320	15.42591	Bosch Compact PKS 375-EOK	store_terminal
AR-VUxgwL	ap_QM7w8tXkUf	2023-10-04T18:15:18Z	arch_cust_036	arch_store_graz_lend	Graz	96000	EUR	pm_arch_596xvCnwGggQ	dev_arch_RPz7MrTAa5Mk	47.07358	15.42623	Metabo Brushless BS 1OW-IK5	store_terminal
AR-bx4uVT	ap_MSXKTBbUDm	2023-10-04T19:08:18Z	arch_cust_008	arch_store_salzburg_elisabeth_vorstadt	Salzburg	9900	EUR	pm_arch_XNh8Ey9nBQNu	dev_arch_9cEroJ6yT9Ft	47.81307	13.04611	Bahco Comfort Grip BE 1ZR-PGS	web
AR-GseDAq	ap_2L2KMT7iSe	2023-10-04T21:50:18Z	arch_cust_012	arch_store_vienna_meidling	Vienna	69900	EUR	pm_arch_L4v5cXDTEWhy	dev_arch_U38pWq9YABe6	48.17468	16.33530	Metabo Brushless BS 1OW-IK5	web
AR-W4q5Yi	ap_MwVw1mhSiD	2023-10-04T21:53:18Z	arch_cust_016	arch_store_linz_hauptplatz	Linz	21000	EUR	pm_arch_XY6QMsneNEJt	dev_arch_J9kBu3GoWUdB	48.30662	14.28566	Engelbert Strauss Classic e.s. 37H-N9K	store_terminal
AR-R5SyvG	ap_URspoJZ78p	2023-10-04T22:53:18Z	arch_cust_015	arch_store_salzburg_elisabeth_vorstadt	Salzburg	4600	EUR	pm_arch_TgJEGetS5Hx9	dev_arch_TZrmYLW9Kdab	47.81292	13.04586	Dresselhaus Outdoor Pro 1VG-P5G	web
AR-NT5Rpc	ap_3oaGAWFUAv	2023-10-04T23:11:18Z	arch_cust_012	arch_store_vienna_meidling	Vienna	34200	EUR	pm_arch_L4v5cXDTEWhy	dev_arch_U38pWq9YABe6	48.17515	16.33547	Raaco Professional CarryLite 3CS-7A9	web
AR-gXR5Xt	ap_GQh96XVYrx	2023-10-04T23:11:18Z	arch_cust_059	arch_store_graz_jakomini	Graz	15800	EUR	pm_arch_FeaxCWTKPXm2	dev_arch_JjfztJgbFdyH	47.06543	15.44344	Engelbert Strauss Classic e.s. 37H-N9K	store_terminal
AR-9hjVu8	ap_8F479Rp9Ko	2023-10-05T03:53:18Z	arch_cust_029	arch_store_innsbruck_wilten	Innsbruck	41400	EUR	pm_arch_QoucstpzuDhB	dev_arch_9SdPc7yKfWkD	47.25824	11.38935	Festool Modular CTL XPW-76I	web
AR-Gh1D9L	ap_LuSwnKGyCx	2023-10-05T05:27:18Z	arch_cust_038	arch_store_brno_veveri	Brno	18200	EUR	pm_arch_PgUV9nW6duat	dev_arch_G4LXZEP5K1rV	49.20470	16.59349	Sonax Workshop XTREME 218-FC5	store_terminal
AR-5DWbpV	ap_XKSXMDsvRa	2023-10-05T10:53:18Z	arch_cust_040	arch_store_linz_hauptplatz	Linz	12400	EUR	pm_arch_BhPtPfVkUeEC	dev_arch_EQTxupZGUAte	48.30716	14.28579	Gardena Smart PowerMax 280-5FI	web
AR-UYioxm	ap_X9wtfNpKM2	2023-10-05T10:53:18Z	arch_cust_099	arch_store_ljubljana_center	Ljubljana	8000	EUR	pm_arch_HrExgnB7PGJS	dev_arch_6hPtUjJbSnHu	46.05112	14.50485	Bahco Workshop BAH 3VZ-SPH	store_terminal
AR-DujrDS	ap_Gzmzj7ubKd	2023-10-05T15:23:18Z	arch_cust_100	arch_store_vienna_meidling	Vienna	15100	EUR	pm_arch_AaUYKHpu15xL	dev_arch_8xhkoQkaqTKt	48.17471	16.33535	Ryobi Precision RLM 2KQ-R4C	store_terminal
AR-ecoQQC	ap_55jGrcGhXE	2023-10-05T15:29:18Z	arch_cust_049	arch_store_brno_veveri	Brno	10400	EUR	pm_arch_2R4kRX48Qvmt	dev_arch_ErHEQxNFtLin	49.20484	16.59347	Engelbert Strauss Classic e.s. 37H-N9K	web
AR-6SZdeP	ap_FAUChkCMVU	2023-10-05T15:53:18Z	arch_cust_082	arch_store_brno_veveri	Brno	139800	EUR	pm_arch_UtzRgi7Pjufn	dev_arch_PYcV5p2ryk2C	49.20432	16.59384	Metabo Brushless BS 1OW-IK5	store_terminal
AR-TKEFiZ	ap_Poqrpf75Z3	2023-10-05T16:17:18Z	arch_cust_037	arch_store_bratislava_stare_mesto	Bratislava	19800	EUR	pm_arch_vgPH4GBaoacS	dev_arch_2zVr9ysKzUfk	48.14419	17.10971	Bahco Comfort Grip BE 1ZR-PGS	store_terminal
AR-5L7YZR	ap_8dzwWZMSye	2023-10-05T19:49:18Z	arch_cust_051	arch_store_bratislava_stare_mesto	Bratislava	65300	EUR	pm_arch_Ly2YvNJYUeDu	dev_arch_4TPYRRXAeNca	48.14355	17.10944	Bosch Bench IXO 3JP-JOU	store_terminal
AR-bd17b9	ap_6u1SojBKZY	2023-10-05T20:05:18Z	arch_cust_087	arch_store_ljubljana_center	Ljubljana	13200	EUR	pm_arch_Dai1Dg1dH92o	dev_arch_L4SG8ALw3vYn	46.05102	14.50504	Mascot Advanced ACC 35W-IIS	store_terminal
AR-STtNav	ap_NJ528jKrD2	2023-10-06T05:32:18Z	arch_cust_076	arch_store_ljubljana_center	Ljubljana	5600	EUR	pm_arch_SoAHtsmGKCWQ	dev_arch_EWWGd4gMbNwE	46.05140	14.50536	Fischer SX SX 7UY-G03	store_terminal
AR-h1rCv5	ap_WqXWeDCNPV	2023-10-06T06:05:18Z	arch_cust_100	arch_store_bratislava_stare_mesto	Bratislava	1400	EUR	pm_arch_MYpCktCSTZLk	dev_arch_2pkNCHcReWyd	48.14415	17.10941	Sonax Premium Gloss 304-ZK0	store_terminal
AR-R6rNoz	ap_EZkSkUtUyp	2023-10-06T06:08:18Z	arch_cust_032	arch_store_innsbruck_wilten	Innsbruck	34400	EUR	pm_arch_PSr1r32rtfxB	dev_arch_BoV5uVvRCnKS	47.25855	11.38912	Bosch Compact PKS 375-EOK	web
AR-BJrb9Q	ap_BddHaaChee	2023-10-06T11:17:18Z	arch_cust_034	arch_store_graz_jakomini	Graz	57900	EUR	pm_arch_rT55shUkTFJ2	dev_arch_3hqfNenzkovm	47.06543	15.44304	Fiskars Battery X 1CD-A3X	web
AR-9fytz8	ap_3YRtfxQ2HP	2023-10-06T13:25:18Z	arch_cust_076	arch_store_innsbruck_wilten	Innsbruck	247000	EUR	pm_arch_9BNNgDHdSi1F	dev_arch_EWWGd4gMbNwE	47.25856	11.38923	Makita Workshop DDF OIE-YYP	store_terminal
AR-eq6few	ap_NzsUA935Wk	2023-10-06T17:29:18Z	arch_cust_062	arch_store_linz_hauptplatz	Linz	30400	EUR	pm_arch_TfSP38G7Q7A6	dev_arch_Tptm11bmKnak	48.30655	14.28588	Makita Workshop DDF OIE-YYP	web
AR-dFc4bP	ap_VheDsteJQq	2023-10-07T02:05:18Z	arch_cust_035	arch_store_brno_veveri	Brno	55800	EUR	pm_arch_4jKEhJ84rM35	dev_arch_HeVCUKWo8giu	49.20460	16.59385	Bosch Compact PKS 375-EOK	web
AR-EX7Mnv	ap_BNmFUPnEka	2023-10-07T03:45:18Z	arch_cust_078	arch_store_vienna_praterstern	Vienna	2700	EUR	pm_arch_Bi3UY9zndJN4	dev_arch_EbMeuwn2niFC	48.21892	16.39290	Sika Professional Sika 28T-UV8	web
AR-JFjoED	ap_Qbe8rCmUNU	2023-10-07T09:50:18Z	arch_cust_045	arch_store_brno_veveri	Brno	1100	EUR	pm_arch_GYrNRmASvANz	dev_arch_3gLeS9TJ1hnN	49.20492	16.59394	Helios Professional Helios 29A-FTE	web
AR-3pxXrJ	ap_7EtLX4EyEV	2023-10-07T10:08:18Z	arch_cust_082	arch_store_graz_lend	Graz	1400	EUR	pm_arch_VY63ggntVxmS	dev_arch_PYcV5p2ryk2C	47.07342	15.42605	Sonax Premium Gloss 304-ZK0	store_terminal
AR-ArztwA	ap_6GA2yFWJNs	2023-10-07T18:03:18Z	arch_cust_039	arch_store_vienna_meidling	Vienna	5000	EUR	pm_arch_YFH8mMfw1z5N	dev_arch_JvAzBA9sJYWc	48.17477	16.33549	Portwest PW3 DX 3TU-ST2	web
AR-4QQVyt	ap_4RawyXLsoU	2023-10-07T22:02:18Z	arch_cust_090	arch_store_innsbruck_wilten	Innsbruck	800	EUR	pm_arch_Q1h5E6NkTzjm	dev_arch_Sw6cbiQiMpXw	47.25828	11.38954	Sika Professional Sika 28T-UV8	store_terminal
AR-PgsFpE	ap_44X6nWKhAu	2023-10-08T01:53:18Z	arch_cust_028	arch_store_innsbruck_wilten	Innsbruck	9300	EUR	pm_arch_LsLXUbVngJMu	dev_arch_AsUPiUGduiN3	47.25801	11.38954	Sonax Premium Gloss 304-ZK0	web
AR-dZiaKz	ap_bPaz2wGFCh	2023-10-08T04:38:18Z	arch_cust_041	arch_store_linz_hauptplatz	Linz	15800	EUR	pm_arch_Q5HHYEHHhDXQ	dev_arch_FCvNi46Voo2o	48.30688	14.28602	Wiha VDE VDE 13X-B49	store_terminal
AR-cY4wt4	ap_2NeuUhXZzk	2023-10-08T09:31:18Z	arch_cust_017	arch_store_innsbruck_wilten	Innsbruck	1700	EUR	pm_arch_NCWiBUePZvXq	dev_arch_33KeHPyCJwFR	47.25808	11.38961	Portwest PW3 DX 3TU-ST2	web
AR-QFen6F	ap_YDusd1HpiC	2023-10-08T14:11:18Z	arch_cust_006	arch_store_innsbruck_wilten	Innsbruck	7300	EUR	pm_arch_T4WMu333stYm	dev_arch_Mb2EQpbEuPDH	47.25797	11.38958	Bahco Workshop BAH 3VZ-SPH	web
AR-2BmRSZ	ap_FZzx4f5dnC	2023-10-08T20:29:18Z	arch_cust_081	arch_store_innsbruck_wilten	Innsbruck	9100	EUR	pm_arch_6ssMjmyg8v84	dev_arch_NvmQH4erqVUm	47.25819	11.38968	Sonax Workshop XTREME 218-FC5	store_terminal
AR-hSSTm9	ap_BLRFQ8pyTd	2023-10-09T02:37:18Z	arch_cust_077	arch_store_linz_hauptplatz	Linz	43200	EUR	pm_arch_8rrwP2PDPb95	dev_arch_TpAEbDMkNSMR	48.30671	14.28615	Viega Professional Sanpress 2OG-ENN	web
AR-cndx9N	ap_6f1Skif13r	2023-10-09T15:58:26Z	arch_cust_096	arch_store_linz_hauptplatz	Linz	7000	EUR	pm_arch_9wsNaZEajGSm	dev_arch_Ubrr8contCkW	48.30724	14.28589	Mascot Advanced ACC 35W-IIS	store_terminal
AR-gmHRAT	ap_VQScGFwhDv	2023-10-09T22:53:18Z	arch_cust_051	arch_store_graz_jakomini	Graz	5000	EUR	pm_arch_JzQZvcW2W5zg	dev_arch_7P5Bkj6HfgY5	47.06568	15.44301	Portwest PW3 DX 3TU-ST2	web
AR-NrEtbd	ap_U7aDZh5TP1	2023-10-09T23:48:18Z	arch_cust_091	arch_store_bratislava_stare_mesto	Bratislava	5600	EUR	pm_arch_Hakb4y1Rphbo	dev_arch_Un59djTUFEAz	48.14393	17.10951	Fischer SX SX 7UY-G03	web
AR-Y5NiFh	ap_H2nqq3tty3	2023-10-10T04:53:18Z	arch_cust_026	arch_store_graz_lend	Graz	9100	EUR	pm_arch_N35aPJiAbgRr	dev_arch_QqqofdBCwbnu	47.07337	15.42576	Keter Deep Stack 2OO-VJU	web
AR-gyHtsw	ap_LD8wbMY7FM	2023-10-10T13:01:18Z	arch_cust_100	arch_store_salzburg_elisabeth_vorstadt	Salzburg	237100	EUR	pm_arch_MYpCktCSTZLk	dev_arch_2pkNCHcReWyd	47.81311	13.04555	Bosch Bench IXO 3JP-JOU	store_terminal
AR-E2aC7F	ap_5sgCr1uQyX	2023-10-10T18:33:53Z	arch_cust_096	arch_store_bratislava_stare_mesto	Bratislava	5600	EUR	pm_arch_LiMugEvvGmmS	dev_arch_Ubrr8contCkW	48.14373	17.10936	Gorilla Crystal Grip 2ZQ-D83	store_terminal
AR-5UCM93	ap_XfFa75hc13	2023-10-10T22:17:18Z	arch_cust_033	arch_store_brno_veveri	Brno	7300	EUR	pm_arch_VPAk8WvxwUb2	dev_arch_8az7EJHrUykV	49.20429	16.59335	Bahco Workshop BAH 3VZ-SPH	web
AR-ZJ574c	ap_QodqffNDn7	2023-10-11T16:47:40Z	arch_cust_096	arch_store_linz_hauptplatz	Linz	31600	EUR	pm_arch_9wsNaZEajGSm	dev_arch_Ubrr8contCkW	48.30697	14.28596	Engelbert Strauss Classic e.s. 37H-N9K	store_terminal
AR-MTMrSj	ap_RKbV71MpHE	2023-10-11T20:21:18Z	arch_cust_054	arch_store_linz_hauptplatz	Linz	3300	EUR	pm_arch_B7uhhG9kGavb	dev_arch_HLYEnFZd1fTP	48.30723	14.28551	Mellerud Bio MEL 233-MOB	store_terminal
AR-HFLY6x	ap_HUFjgWXFrj	2023-10-12T12:29:27Z	arch_cust_096	arch_store_ljubljana_center	Ljubljana	26400	EUR	pm_arch_LiMugEvvGmmS	dev_arch_659L4nhKmt6M	46.05117	14.50493	Raaco Professional CarryLite 3CS-7A9	store_terminal
AR-jD5Q4J	ap_UqgjgBmRm4	2023-10-13T18:13:31Z	arch_cust_096	arch_store_bratislava_stare_mesto	Bratislava	2200	EUR	pm_arch_9wsNaZEajGSm	dev_arch_659L4nhKmt6M	48.14378	17.10966	Bahco Comfort Grip BE 1ZR-PGS	web
AR-YKCJY4	ap_2S5SA7xdaQ	2023-10-14T17:51:09Z	arch_cust_096	arch_store_linz_hauptplatz	Linz	9900	EUR	pm_arch_LiMugEvvGmmS	dev_arch_659L4nhKmt6M	48.30708	14.28599	Bahco Comfort Grip BE 1ZR-PGS	store_terminal
AR-9bdu4z	ap_HQkLWdYcBp	2023-10-15T11:05:11Z	arch_cust_096	arch_store_vienna_meidling	Vienna	11200	EUR	pm_arch_9wsNaZEajGSm	dev_arch_Ubrr8contCkW	48.17529	16.33529	Fischer SX SX 7UY-G03	store_terminal
AR-Q64zHH	ap_DfekNszLhH	2023-10-16T18:16:50Z	arch_cust_096	arch_store_innsbruck_wilten	Innsbruck	7900	EUR	pm_arch_LiMugEvvGmmS	dev_arch_Ubrr8contCkW	47.25834	11.38921	Sika Professional Sika 28T-UV8	mobile_app
AR-BwQMYB	ap_TzQuLPFxLY	2023-10-17T13:10:45Z	arch_cust_096	arch_store_vienna_meidling	Vienna	9000	EUR	pm_arch_9wsNaZEajGSm	dev_arch_Ubrr8contCkW	48.17483	16.33576	Viega Professional Sanpress 2OG-ENN	store_terminal
AR-5DQwJ4	ap_KHJayeDFLD	2023-10-18T03:53:18Z	arch_cust_027	arch_store_innsbruck_wilten	Innsbruck	50400	EUR	pm_arch_VvAK8pW8wmL3	dev_arch_4WeyX4C27QES	47.25824	11.38920	Ryobi Precision RLM 2KQ-R4C	web
AR-Fu6aiq	ap_Qb1s2T4ovZ	2023-10-18T04:00:26Z	arch_cust_027	arch_store_ljubljana_center	Ljubljana	139800	EUR	pm_arch_VvAK8pW8wmL3	dev_arch_J6sQVk9Co361	46.05139	14.50536	Metabo Brushless BS 1OW-IK5	web
AR-DwyFNx	ap_J4aYLBdAwc	2023-10-18T04:15:18Z	arch_cust_054	arch_store_innsbruck_wilten	Innsbruck	18000	EUR	pm_arch_B7uhhG9kGavb	dev_arch_9SUAucyPfSSS	47.25811	11.38925	Sonax Workshop XTREME 218-FC5	web
AR-2irkH5	ap_7Qmp9A5bto	2023-10-18T04:23:39Z	arch_cust_054	arch_store_graz_lend	Graz	11400	EUR	pm_arch_B7uhhG9kGavb	dev_arch_74QdHJrGyzXe	47.07319	15.42628	Philips Professional Hue 3JS-MSN	web
AR-2hy9Zi	ap_ATu6gRyQFB	2023-10-18T04:37:18Z	arch_cust_026	arch_store_bratislava_stare_mesto	Bratislava	9600	EUR	pm_arch_N35aPJiAbgRr	dev_arch_L4fuvNBhcdXU	48.14365	17.10962	Sonax Workshop XTREME 218-FC5	web
AR-P3RsJ5	ap_7xeb27j9vf	2023-10-18T04:47:59Z	arch_cust_026	arch_store_ljubljana_center	Ljubljana	5700	EUR	pm_arch_N35aPJiAbgRr	dev_arch_Mqw3GXfyFSMK	46.05126	14.50536	Philips Professional Hue 3JS-MSN	web
AR-VUBhq5	ap_3MmwcCPvwJ	2023-10-18T17:21:30Z	arch_cust_096	arch_store_bratislava_stare_mesto	Bratislava	13200	EUR	pm_arch_LiMugEvvGmmS	dev_arch_659L4nhKmt6M	48.14386	17.10975	Mascot Advanced ACC 35W-IIS	web
AR-GviJEU	ap_EKHkybXtQs	2023-10-19T03:53:18Z	arch_cust_051	arch_store_innsbruck_wilten	Innsbruck	27600	EUR	pm_arch_JzQZvcW2W5zg	dev_arch_7P5Bkj6HfgY5	47.25807	11.38968	Fiskars Battery X 1CD-A3X	service_desk
AR-ZBUFoL	ap_DLbxuKsyu8	2023-10-19T03:57:18Z	arch_cust_051	arch_store_vienna_praterstern	Vienna	2000	EUR	pm_arch_JzQZvcW2W5zg	dev_arch_7P5Bkj6HfgY5	48.21888	16.39258	Heco Unix HECO 2VD-VNA	service_desk
AR-GhTf8j	ap_RcM55MvqQK	2023-10-19T04:34:18Z	arch_cust_063	arch_store_brno_veveri	Brno	14700	EUR	pm_arch_Npk8SVeZQZfH	dev_arch_FCF3J4GLR7DK	49.20445	16.59395	Festool Modular CTL XPW-76I	service_desk
AR-269aup	ap_8URHDVuSZa	2023-10-19T04:43:18Z	arch_cust_063	arch_store_graz_jakomini	Graz	2000	EUR	pm_arch_Npk8SVeZQZfH	dev_arch_FCF3J4GLR7DK	47.06548	15.44331	Viega Professional Sanpress 2OG-ENN	service_desk
AR-3qwnDF	ap_Rd4N36TgMh	2023-10-19T15:13:20Z	arch_cust_096	arch_store_salzburg_elisabeth_vorstadt	Salzburg	5600	EUR	pm_arch_9wsNaZEajGSm	dev_arch_659L4nhKmt6M	47.81343	13.04573	Gorilla Crystal Grip 2ZQ-D83	store_terminal
AR-Sk71pH	ap_8eKYJLUV3n	2023-10-20T02:13:38Z	arch_cust_096	arch_store_bratislava_stare_mesto	Bratislava	214100	EUR	pm_arch_9wsNaZEajGSm	dev_arch_7Pdi5xyFfyVo	48.14421	17.10977	Makita Workshop DDF OIE-YYP	web
AR-BsacuE	ap_AZmq1wYLbY	2023-10-20T02:26:58Z	arch_cust_096	arch_store_graz_lend	Graz	120700	EUR	pm_arch_9wsNaZEajGSm	dev_arch_7Pdi5xyFfyVo	47.07355	15.42623	Bosch Bench IXO 3JP-JOU	mobile_app
AR-DACRF1	ap_RzQhMapHNQ	2023-10-20T02:46:35Z	arch_cust_096	arch_store_graz_lend	Graz	183000	EUR	pm_arch_9wsNaZEajGSm	dev_arch_7Pdi5xyFfyVo	47.07348	15.42579	Holzmann Compact D 327-RR0	web
AR-H8WkA8	ap_B6Xkgw91V7	2023-10-20T02:48:02Z	arch_cust_096	arch_store_bratislava_stare_mesto	Bratislava	120700	EUR	pm_arch_9wsNaZEajGSm	dev_arch_7Pdi5xyFfyVo	48.14366	17.10951	Bosch Bench IXO 3JP-JOU	web
AR-JePu1e	ap_WpjEypYCUB	2023-10-20T03:13:41Z	arch_cust_096	arch_store_vienna_meidling	Vienna	214100	EUR	pm_arch_9wsNaZEajGSm	dev_arch_7Pdi5xyFfyVo	48.17508	16.33518	Makita Workshop DDF OIE-YYP	web
AR-UB8U88	ap_9kikBigS2v	2023-11-15T10:56:18Z	arch_cust_067	arch_store_innsbruck_wilten	Innsbruck	4700	EUR	pm_arch_HmJHeHoydPsm	dev_arch_JqYtZ9AQCsuh	47.25859	11.38970	Festool Modular CTL XPW-76I	mobile_app
AR-TLCjp1	ap_9whkyyxuoE	2023-11-15T10:56:43Z	arch_cust_067	arch_store_vienna_praterstern	Vienna	9500	EUR	pm_arch_U7PbGJNt1aTJ	dev_arch_SFN7qprDkNhd	48.21918	16.39264	Mobil All Season Super 1ZE-TCR	mobile_app
AR-4MNvhH	ap_SgzgA668k4	2023-11-15T10:57:12Z	arch_cust_067	arch_store_graz_jakomini	Graz	700	EUR	pm_arch_HmJHeHoydPsm	dev_arch_JqYtZ9AQCsuh	47.06541	15.44316	Bahco Workshop BAH 3VZ-SPH	mobile_app
AR-Pk15cq	ap_RvZzQuoEBg	2023-11-15T10:57:15Z	arch_cust_067	arch_store_vienna_meidling	Vienna	9900	EUR	pm_arch_U7PbGJNt1aTJ	dev_arch_SFN7qprDkNhd	48.17467	16.33532	Bahco Comfort Grip BE 1ZR-PGS	mobile_app
AR-JxB3gp	ap_By3yGgMPwY	2023-11-15T10:57:22Z	arch_cust_067	arch_store_graz_jakomini	Graz	7900	EUR	pm_arch_HmJHeHoydPsm	dev_arch_JqYtZ9AQCsuh	47.06515	15.44326	Wiha VDE VDE 13X-B49	mobile_app
AR-TcE7YC	ap_AoQC8G59sM	2023-11-15T10:58:17Z	arch_cust_067	arch_store_salzburg_elisabeth_vorstadt	Salzburg	1000	EUR	pm_arch_U7PbGJNt1aTJ	dev_arch_SFN7qprDkNhd	47.81321	13.04558	Mellerud Bio MEL 233-MOB	mobile_app
AR-YXh7iT	ap_95DbpyetZp	2023-11-15T10:58:30Z	arch_cust_067	arch_store_bratislava_stare_mesto	Bratislava	14000	EUR	pm_arch_HmJHeHoydPsm	dev_arch_JqYtZ9AQCsuh	48.14424	17.10978	Schneider Electric Heavy Duty Merten 214-ZHY	mobile_app
AR-dULwqC	ap_RaR1TEhywZ	2023-11-15T10:58:38Z	arch_cust_067	arch_store_salzburg_elisabeth_vorstadt	Salzburg	5500	EUR	pm_arch_U7PbGJNt1aTJ	dev_arch_SFN7qprDkNhd	47.81292	13.04599	Sika Professional Sika 28T-UV8	mobile_app
AR-3F2v1Q	ap_EeznbUzjVB	2023-11-15T10:59:00Z	arch_cust_067	arch_store_graz_jakomini	Graz	1000	EUR	pm_arch_U7PbGJNt1aTJ	dev_arch_SFN7qprDkNhd	47.06561	15.44329	Mellerud Bio MEL 233-MOB	mobile_app
AR-8XkC3j	ap_24HpXss51M	2023-11-15T11:00:02Z	arch_cust_067	arch_store_brno_veveri	Brno	5600	EUR	pm_arch_HmJHeHoydPsm	dev_arch_JqYtZ9AQCsuh	49.20449	16.59387	Fischer SX SX 7UY-G03	mobile_app
AR-fKkVd6	ap_2WG4efreti	2023-11-15T11:01:08Z	arch_cust_067	arch_store_ljubljana_center	Ljubljana	9900	EUR	pm_arch_HmJHeHoydPsm	dev_arch_JqYtZ9AQCsuh	46.05094	14.50497	Bahco Comfort Grip BE 1ZR-PGS	mobile_app
AR-7BQbk5	ap_PV6ctktQTY	2023-11-16T10:56:18Z	arch_cust_100	arch_store_bratislava_stare_mesto	Bratislava	9300	EUR	pm_arch_56VZiP1rtoq6	dev_arch_2pkNCHcReWyd	48.14356	17.10937	Sonax Premium Gloss 304-ZK0	service_desk
AR-2mrLwR	ap_DPVWdjipdU	2023-11-16T10:56:42Z	arch_cust_100	arch_store_linz_hauptplatz	Linz	10500	EUR	pm_arch_5rCTQJBBhLdY	dev_arch_2pkNCHcReWyd	48.30710	14.28583	Engelbert Strauss Classic e.s. 37H-N9K	service_desk
AR-PiRx3g	ap_7Jn172UFCP	2023-11-16T10:56:43Z	arch_cust_100	arch_store_ljubljana_center	Ljubljana	2400	EUR	pm_arch_89EQkVBb7X2s	dev_arch_2pkNCHcReWyd	46.05130	14.50511	Heco Unix HECO 2VD-VNA	service_desk
AR-cndQdA	ap_N3L4ketKSu	2023-11-16T10:57:27Z	arch_cust_100	arch_store_graz_lend	Graz	6200	EUR	pm_arch_6C3FHs2JRgxX	dev_arch_2pkNCHcReWyd	47.07372	15.42616	Gardena Smart PowerMax 280-5FI	service_desk
AR-bAnQyQ	ap_NRQfRJ3eSW	2023-11-16T10:57:38Z	arch_cust_100	arch_store_innsbruck_wilten	Innsbruck	5600	EUR	pm_arch_Svbskun1Mc5c	dev_arch_2pkNCHcReWyd	47.25853	11.38923	Fischer SX SX 7UY-G03	service_desk
AR-5DpM3x	ap_SD8UhhhwR4	2023-11-16T10:57:48Z	arch_cust_100	arch_store_brno_veveri	Brno	9600	EUR	pm_arch_VVhcXNM1YiM6	dev_arch_2pkNCHcReWyd	49.20434	16.59367	Geberit Mapress Silent IC5-GU6	service_desk
AR-GUng11	ap_2cq5TLSGbH	2023-11-16T10:58:36Z	arch_cust_100	arch_store_salzburg_elisabeth_vorstadt	Salzburg	2800	EUR	pm_arch_XH2PidzeREhx	dev_arch_2pkNCHcReWyd	47.81315	13.04623	Gorilla Crystal Grip 2ZQ-D83	service_desk
AR-MigoXD	ap_4RUJwWQNBq	2023-11-16T10:58:51Z	arch_cust_100	arch_store_graz_lend	Graz	4500	EUR	pm_arch_zMxbHgRVNPAk	dev_arch_2pkNCHcReWyd	47.07325	15.42623	Viega Professional Sanpress 2OG-ENN	service_desk
AR-X3xcGx	ap_X1Gck6uZGr	2023-11-16T10:58:52Z	arch_cust_100	arch_store_graz_lend	Graz	3300	EUR	pm_arch_95WVKQ3KdEnr	dev_arch_2pkNCHcReWyd	47.07320	15.42632	Mellerud Bio MEL 233-MOB	service_desk
AR-NhsHhj	ap_3VdPtx7J6N	2023-11-16T10:58:58Z	arch_cust_100	arch_store_salzburg_elisabeth_vorstadt	Salzburg	9600	EUR	pm_arch_RrvGxp7yiAjm	dev_arch_2pkNCHcReWyd	47.81347	13.04563	Geberit Mapress Silent IC5-GU6	service_desk
AR-SsrZu7	ap_8ThcJmMCXp	2023-11-16T10:58:58Z	arch_cust_100	arch_store_graz_jakomini	Graz	9100	EUR	pm_arch_9J942h7EcrF5	dev_arch_2pkNCHcReWyd	47.06531	15.44328	Sonax Workshop XTREME 218-FC5	service_desk
AR-c9m71K	ap_LVAqcB9bdZ	2023-11-26T01:53:18Z	arch_cust_091	arch_store_ljubljana_center	Ljubljana	123500	EUR	pm_arch_8eY4EKDZmW4y	dev_arch_9mKZGk4JAZo3	46.05115	14.50490	Makita Workshop DDF OIE-YYP	web
AR-L7Bsx2	ap_2Rq2Ai49vE	2023-11-26T01:57:42Z	arch_cust_098	arch_store_innsbruck_wilten	Innsbruck	22700	EUR	pm_arch_6cmhcxsQj8yW	dev_arch_9mKZGk4JAZo3	47.25811	11.38947	Geberit Mapress Silent IC5-GU6	web
AR-ZRt1tW	ap_HjTu6QRQzi	2023-11-26T02:02:06Z	arch_cust_005	arch_store_innsbruck_wilten	Innsbruck	22700	EUR	pm_arch_USjfUKF71Gzw	dev_arch_9mKZGk4JAZo3	47.25838	11.38924	Geberit Mapress Silent IC5-GU6	web
AR-eM4TXU	ap_UX4c6mLGPs	2023-11-26T02:06:30Z	arch_cust_012	arch_store_ljubljana_center	Ljubljana	34800	EUR	pm_arch_RJJ3mQde7dUt	dev_arch_9mKZGk4JAZo3	46.05098	14.50483	Bosch Compact PKS 375-EOK	web
AR-43ztTF	ap_WyTC8C1B8m	2023-11-26T02:10:54Z	arch_cust_019	arch_store_brno_veveri	Brno	22700	EUR	pm_arch_W9AVPsd8s8Nq	dev_arch_9mKZGk4JAZo3	49.20458	16.59338	Geberit Mapress Silent IC5-GU6	web
AR-MBLDwE	ap_JpFh2uSTY7	2023-11-26T02:15:18Z	arch_cust_026	arch_store_graz_lend	Graz	183000	EUR	pm_arch_EBVRPCEK1XVV	dev_arch_9mKZGk4JAZo3	47.07368	15.42580	Holzmann Compact D 327-RR0	web
AR-QwySqe	ap_J1dxFWfeJM	2023-11-27T01:53:18Z	arch_cust_094	arch_store_innsbruck_wilten	Innsbruck	57900	EUR	pm_arch_Vica1eW1qX1W	dev_arch_5VzrovkeCCvz	47.25802	11.38951	Fiskars Battery X 1CD-A3X	store_kiosk
AR-cXD6dX	ap_Kac8rPBDFH	2023-11-27T01:57:42Z	arch_cust_005	arch_store_salzburg_elisabeth_vorstadt	Salzburg	65300	EUR	pm_arch_BLREFhneN7aX	dev_arch_5VzrovkeCCvz	47.81291	13.04593	Bosch Bench IXO 3JP-JOU	store_kiosk
AR-DmHBFu	ap_RjsU7DtinE	2023-11-27T02:02:06Z	arch_cust_016	arch_store_innsbruck_wilten	Innsbruck	237100	EUR	pm_arch_X8tA1REsDh1C	dev_arch_5VzrovkeCCvz	47.25809	11.38909	Bosch Bench IXO 3JP-JOU	store_kiosk
AR-dt2Zsw	ap_2V4wP6EZDH	2023-11-27T02:06:30Z	arch_cust_027	arch_store_innsbruck_wilten	Innsbruck	123500	EUR	pm_arch_54AzWFBmSgQK	dev_arch_5VzrovkeCCvz	47.25795	11.38906	Makita Workshop DDF OIE-YYP	store_kiosk
AR-5fbXke	ap_NS5wRJeZTA	2023-11-27T02:10:54Z	arch_cust_038	arch_store_graz_jakomini	Graz	183000	EUR	pm_arch_KkdQ1SM65SJx	dev_arch_5VzrovkeCCvz	47.06572	15.44300	Holzmann Compact D 327-RR0	store_kiosk
AR-fV2Spf	ap_DaUKegVRdG	2023-11-27T02:15:18Z	arch_cust_049	arch_store_innsbruck_wilten	Innsbruck	27900	EUR	pm_arch_Bi2XAJSqDmSg	dev_arch_5VzrovkeCCvz	47.25862	11.38934	Bosch Compact PKS 375-EOK	store_kiosk
AR-YKUVNo	ap_XjfbwfoAzb	2023-12-02T16:33:13Z	arch_cust_074	arch_store_bratislava_stare_mesto	Bratislava	7800	EUR	pm_arch_2zX6fdn9YQw9	dev_arch_FHzyR6DbPTHX	48.14402	17.10966	Mascot Advanced ACC 35W-IIS	store_terminal
AR-B88Zpo	ap_EGtjWxVyY9	2023-12-03T15:59:00Z	arch_cust_074	arch_store_vienna_meidling	Vienna	2000	EUR	pm_arch_GihSo7YHejKq	dev_arch_FHzyR6DbPTHX	48.17513	16.33574	Heco Unix HECO 2VD-VNA	web
AR-jWr4xE	ap_WZnAnfpv7P	2023-12-04T14:41:46Z	arch_cust_074	arch_store_brno_veveri	Brno	30200	EUR	pm_arch_2zX6fdn9YQw9	dev_arch_FHzyR6DbPTHX	49.20435	16.59337	Ryobi Precision RLM 2KQ-R4C	store_terminal
AR-AAcg2o	ap_22bEkvDeva	2023-12-05T18:48:25Z	arch_cust_074	arch_store_innsbruck_wilten	Innsbruck	34200	EUR	pm_arch_GihSo7YHejKq	dev_arch_KYCz9vBA1vCa	47.25805	11.38910	Raaco Professional CarryLite 3CS-7A9	web
AR-NMsN52	ap_4cgL6bZRbJ	2023-12-06T16:26:36Z	arch_cust_074	arch_store_vienna_meidling	Vienna	6500	EUR	pm_arch_2zX6fdn9YQw9	dev_arch_KYCz9vBA1vCa	48.17487	16.33573	Keter Deep Stack 2OO-VJU	store_terminal
AR-CwyoNV	ap_4E4DGUFjVk	2023-12-07T11:05:17Z	arch_cust_074	arch_store_ljubljana_center	Ljubljana	2200	EUR	pm_arch_GihSo7YHejKq	dev_arch_KYCz9vBA1vCa	46.05094	14.50483	Bahco Comfort Grip BE 1ZR-PGS	store_terminal
AR-buMaRq	ap_Rstgvcfpau	2023-12-08T12:39:45Z	arch_cust_074	arch_store_graz_jakomini	Graz	2400	EUR	pm_arch_2zX6fdn9YQw9	dev_arch_FHzyR6DbPTHX	47.06570	15.44281	Fischer SX SX 7UY-G03	web
AR-5snWry	ap_Uygw3dKS42	2023-12-09T02:41:51Z	arch_cust_074	arch_store_ljubljana_center	Ljubljana	214100	EUR	pm_arch_2zX6fdn9YQw9	dev_arch_L7dasbXsGcwZ	46.05078	14.50506	Makita Workshop DDF OIE-YYP	mobile_app
AR-ECnEuj	ap_FS3FJaX2kV	2023-12-09T02:54:43Z	arch_cust_074	arch_store_graz_lend	Graz	183000	EUR	pm_arch_ENY1SRAuMT5g	dev_arch_L7dasbXsGcwZ	47.07324	15.42577	Holzmann Compact D 327-RR0	mobile_app
AR-SXgFZ1	ap_GsscD6ELCi	2023-12-09T03:01:46Z	arch_cust_074	arch_store_ljubljana_center	Ljubljana	34800	EUR	pm_arch_2zX6fdn9YQw9	dev_arch_L7dasbXsGcwZ	46.05088	14.50494	Bosch Compact PKS 375-EOK	mobile_app
AR-7R8iVC	ap_7RyNVkGKS4	2023-12-09T03:17:57Z	arch_cust_074	arch_store_graz_lend	Graz	57900	EUR	pm_arch_ENY1SRAuMT5g	dev_arch_L7dasbXsGcwZ	47.07357	15.42609	Fiskars Battery X 1CD-A3X	mobile_app
